Année;Tour;Parti;Bord;Voix;%_exp
2002;1;LCR;Extrêmegauche;1210562;4.25
2002;1;LCR;Extrêmegauche;28443;3.46
2002;1;LCR;Extrêmegauche;69223;4.64
2002;1;LCR;Extrêmegauche;36260;5.24
2002;1;LCR;Extrêmegauche;36514;4.53
2002;1;LCR;Extrêmegauche;87916;5.54
2002;1;LCR;Extrêmegauche;25676;4.09
2002;1;LCR;Extrêmegauche;26804;4.68
2002;1;LCR;Extrêmegauche;49239;4.12
2002;1;LCR;Extrêmegauche;20131;5.01
2002;1;LCR;Extrêmegauche;50475;4.62
2002;1;LCR;Extrêmegauche;66579;4.8
2002;1;LCR;Extrêmegauche;84422;4.4
2002;1;LCR;Extrêmegauche;34729;4.72
2002;1;LCR;Extrêmegauche;84483;5.05
2002;1;LCR;Extrêmegauche;39995;4.36
2002;1;LCR;Extrêmegauche;43879;5.05
2002;1;LCR;Extrêmegauche;69576;3.26
2002;1;LCR;Extrêmegauche;109242;4.15
2002;1;LCR;Extrêmegauche;138984;3.47
2002;1;LCR;Extrêmegauche;50595;4.14
2002;1;LCR;Extrêmegauche;3000;2.74
2002;1;LCR;Extrêmegauche;509;0.55
2002;1;LCR;Extrêmegauche;421;0.47
2002;1;LCR;Extrêmegauche;290;1.23
2002;1;LCR;Extrêmegauche;4512;1.93
2002;1;LO;Extrêmegauche;1630118;5.72
2002;1;LO;Extrêmegauche;40169;4.89
2002;1;LO;Extrêmegauche;81335;5.46
2002;1;LO;Extrêmegauche;46042;6.65
2002;1;LO;Extrêmegauche;47119;5.85
2002;1;LO;Extrêmegauche;101500;6.4
2002;1;LO;Extrêmegauche;41407;6.6
2002;1;LO;Extrêmegauche;31986;5.59
2002;1;LO;Extrêmegauche;60830;5.09
2002;1;LO;Extrêmegauche;26276;6.54
2002;1;LO;Extrêmegauche;77686;7.11
2002;1;LO;Extrêmegauche;75445;5.44
2002;1;LO;Extrêmegauche;147075;7.66
2002;1;LO;Extrêmegauche;51022;6.94
2002;1;LO;Extrêmegauche;65606;7.57
2002;1;LO;Extrêmegauche;103968;6.21
2002;1;LO;Extrêmegauche;69908;7.62
2002;1;LO;Extrêmegauche;57713;6.65
2002;1;LO;Extrêmegauche;97107;4.55
2002;1;LO;Extrêmegauche;132310;5.03
2002;1;LO;Extrêmegauche;183088;4.57
2002;1;LO;Extrêmegauche;74434;6.09
2002;1;LO;Extrêmegauche;3629;3.32
2002;1;LO;Extrêmegauche;816;0.89
2002;1;LO;Extrêmegauche;1055;1.18
2002;1;LO;Extrêmegauche;310;1.31
2002;1;LO;Extrêmegauche;5966;2.55
2002;1;DL;Droite;1113551;3.91
2002;1;DL;Droite;36264;4.41
2002;1;DL;Droite;41747;2.8
2002;1;DL;Droite;23120;3.34
2002;1;DL;Droite;33138;4.11
2002;1;DL;Droite;70297;4.43
2002;1;DL;Droite;24240;3.86
2002;1;DL;Droite;20654;3.61
2002;1;DL;Droite;38854;3.25
2002;1;DL;Droite;9657;2.4
2002;1;DL;Droite;38098;3.49
2002;1;DL;Droite;42080;3.04
2002;1;DL;Droite;61931;3.23
2002;1;DL;Droite;28526;3.88
2002;1;DL;Droite;29441;3.39
2002;1;DL;Droite;72320;4.32
2002;1;DL;Droite;28952;3.16
2002;1;DL;Droite;31010;3.57
2002;1;DL;Droite;88411;4.14
2002;1;DL;Droite;127758;4.86
2002;1;DL;Droite;200262;5
2002;1;DL;Droite;49237;4.03
2002;1;DL;Droite;2203;2.01
2002;1;DL;Droite;695;0.76
2002;1;DL;Droite;484;0.54
2002;1;DL;Droite;241;1.02
2002;1;DL;Droite;2460;1.05
2002;1;MDC;Gauche;1518568;5.33
2002;1;MDC;Gauche;43169;5.25
2002;1;MDC;Gauche;64958;4.36
2002;1;MDC;Gauche;38972;5.63
2002;1;MDC;Gauche;46053;5.72
2002;1;MDC;Gauche;71378;4.5
2002;1;MDC;Gauche;28708;4.58
2002;1;MDC;Gauche;55910;9.77
2002;1;MDC;Gauche;62129;5.2
2002;1;MDC;Gauche;18835;4.69
2002;1;MDC;Gauche;55412;5.07
2002;1;MDC;Gauche;71668;5.17
2002;1;MDC;Gauche;93799;4.89
2002;1;MDC;Gauche;33474;4.55
2002;1;MDC;Gauche;40544;4.68
2002;1;MDC;Gauche;75757;4.53
2002;1;MDC;Gauche;43206;4.71
2002;1;MDC;Gauche;38411;4.42
2002;1;MDC;Gauche;112380;5.27
2002;1;MDC;Gauche;165393;6.29
2002;1;MDC;Gauche;265658;6.63
2002;1;MDC;Gauche;62483;5.11
2002;1;MDC;Gauche;7700;7.03
2002;1;MDC;Gauche;1302;1.42
2002;1;MDC;Gauche;2022;2.26
2002;1;MDC;Gauche;586;2.48
2002;1;MDC;Gauche;7305;3.13
2002;1;PCF;Gauche;960548;3.37
2002;1;PCF;Gauche;8029;0.98
2002;1;PCF;Gauche;58342;3.91
2002;1;PCF;Gauche;31097;4.49
2002;1;PCF;Gauche;27094;3.36
2002;1;PCF;Gauche;47972;3.03
2002;1;PCF;Gauche;18302;2.92
2002;1;PCF;Gauche;12082;2.11
2002;1;PCF;Gauche;55067;4.6
2002;1;PCF;Gauche;24276;6.04
2002;1;PCF;Gauche;28427;2.6
2002;1;PCF;Gauche;49442;3.57
2002;1;PCF;Gauche;97192;5.06
2002;1;PCF;Gauche;15565;2.12
2002;1;PCF;Gauche;35177;4.06
2002;1;PCF;Gauche;38182;2.28
2002;1;PCF;Gauche;35424;3.86
2002;1;PCF;Gauche;26418;3.04
2002;1;PCF;Gauche;80364;3.77
2002;1;PCF;Gauche;76209;2.9
2002;1;PCF;Gauche;141989;3.55
2002;1;PCF;Gauche;42797;3.5
2002;1;PCF;Gauche;5501;5.03
2002;1;PCF;Gauche;605;0.66
2002;1;PCF;Gauche;429;0.48
2002;1;PCF;Gauche;88;0.37
2002;1;PCF;Gauche;2755;1.18
2002;1;FRS;Droite;339157;1.19
2002;1;FRS;Droite;13496;1.64
2002;1;FRS;Droite;13506;0.91
2002;1;FRS;Droite;8465;1.22
2002;1;FRS;Droite;9392;1.17
2002;1;FRS;Droite;21511;1.36
2002;1;FRS;Droite;6492;1.03
2002;1;FRS;Droite;7630;1.33
2002;1;FRS;Droite;10441;0.87
2002;1;FRS;Droite;3241;0.81
2002;1;FRS;Droite;13076;1.2
2002;1;FRS;Droite;15079;1.09
2002;1;FRS;Droite;18812;0.98
2002;1;FRS;Droite;9102;1.24
2002;1;FRS;Droite;8033;0.93
2002;1;FRS;Droite;32670;1.95
2002;1;FRS;Droite;8848;0.96
2002;1;FRS;Droite;10292;1.19
2002;1;FRS;Droite;18643;0.87
2002;1;FRS;Droite;37427;1.42
2002;1;FRS;Droite;50225;1.25
2002;1;FRS;Droite;15201;1.24
2002;1;FRS;Droite;469;0.43
2002;1;FRS;Droite;485;0.53
2002;1;FRS;Droite;742;0.83
2002;1;FRS;Droite;159;0.67
2002;1;FRS;Droite;2129;0.91
2002;1;PS;Gauche;4610267;16.18
2002;1;PS;Gauche;90494;11.02
2002;1;PS;Gauche;270248;18.13
2002;1;PS;Gauche;108557;15.68
2002;1;PS;Gauche;130481;16.2
2002;1;PS;Gauche;286515;18.07
2002;1;PS;Gauche;88993;14.18
2002;1;PS;Gauche;77388;13.52
2002;1;PS;Gauche;193769;16.2
2002;1;PS;Gauche;73516;18.29
2002;1;PS;Gauche;162932;14.92
2002;1;PS;Gauche;270827;19.53
2002;1;PS;Gauche;327471;17.06
2002;1;PS;Gauche;106853;14.53
2002;1;PS;Gauche;137747;15.88
2002;1;PS;Gauche;270948;16.19
2002;1;PS;Gauche;130520;14.23
2002;1;PS;Gauche;149127;17.17
2002;1;PS;Gauche;277333;12.99
2002;1;PS;Gauche;363472;13.82
2002;1;PS;Gauche;680008;16.98
2002;1;PS;Gauche;184174;15.07
2002;1;PS;Gauche;16836;15.38
2002;1;PS;Gauche;21253;23.12
2002;1;PS;Gauche;26059;29.14
2002;1;PS;Gauche;2506;10.59
2002;1;PS;Gauche;91176;39.01
2002;1;LV;Gauche;1495774;5.25
2002;1;LV;Gauche;49411;6.01
2002;1;LV;Gauche;81190;5.45
2002;1;LV;Gauche;30770;4.44
2002;1;LV;Gauche;35513;4.41
2002;1;LV;Gauche;102128;6.44
2002;1;LV;Gauche;26572;4.23
2002;1;LV;Gauche;27953;4.88
2002;1;LV;Gauche;56914;4.76
2002;1;LV;Gauche;15414;3.84
2002;1;LV;Gauche;55479;5.08
2002;1;LV;Gauche;77993;5.63
2002;1;LV;Gauche;84406;4.4
2002;1;LV;Gauche;34159;4.64
2002;1;LV;Gauche;41199;4.75
2002;1;LV;Gauche;102449;6.12
2002;1;LV;Gauche;36225;3.95
2002;1;LV;Gauche;47167;5.43
2002;1;LV;Gauche;104647;4.9
2002;1;LV;Gauche;160271;6.09
2002;1;LV;Gauche;246605;6.16
2002;1;LV;Gauche;55098;4.51
2002;1;LV;Gauche;3265;2.98
2002;1;LV;Gauche;976;1.06
2002;1;LV;Gauche;882;0.99
2002;1;LV;Gauche;455;1.92
2002;1;LV;Gauche;5001;2.14
2002;1;CPNT;Droite;1204801;4.23
2002;1;CPNT;Droite;8403;1.02
2002;1;CPNT;Droite;132151;8.86
2002;1;CPNT;Droite;33559;4.85
2002;1;CPNT;Droite;32476;4.03
2002;1;CPNT;Droite;58386;3.68
2002;1;CPNT;Droite;26155;4.17
2002;1;CPNT;Droite;19849;3.47
2002;1;CPNT;Droite;70890;5.93
2002;1;CPNT;Droite;23698;5.9
2002;1;CPNT;Droite;23766;2.18
2002;1;CPNT;Droite;93897;6.77
2002;1;CPNT;Droite;88994;4.64
2002;1;CPNT;Droite;51385;6.99
2002;1;CPNT;Droite;36424;4.2
2002;1;CPNT;Droite;78235;4.68
2002;1;CPNT;Droite;57835;6.31
2002;1;CPNT;Droite;67969;7.83
2002;1;CPNT;Droite;92692;4.34
2002;1;CPNT;Droite;81322;3.09
2002;1;CPNT;Droite;46974;1.17
2002;1;CPNT;Droite;67135;5.5
2002;1;CPNT;Droite;9008;8.23
2002;1;CPNT;Droite;282;0.31
2002;1;CPNT;Droite;221;0.25
2002;1;PRG;Gauche;660515;2.32
2002;1;PRG;Gauche;14500;1.77
2002;1;PRG;Gauche;26525;1.78
2002;1;PRG;Gauche;11882;1.72
2002;1;PRG;Gauche;13837;1.72
2002;1;PRG;Gauche;35246;2.22
2002;1;PRG;Gauche;8826;1.41
2002;1;PRG;Gauche;9290;1.62
2002;1;PRG;Gauche;21288;1.78
2002;1;PRG;Gauche;6332;1.58
2002;1;PRG;Gauche;18197;1.67
2002;1;PRG;Gauche;30882;2.23
2002;1;PRG;Gauche;22956;1.2
2002;1;PRG;Gauche;13781;1.87
2002;1;PRG;Gauche;16473;1.9
2002;1;PRG;Gauche;33760;2.02
2002;1;PRG;Gauche;13865;1.51
2002;1;PRG;Gauche;17825;2.05
2002;1;PRG;Gauche;35684;1.67
2002;1;PRG;Gauche;54784;2.08
2002;1;PRG;Gauche;144345;3.6
2002;1;PRG;Gauche;23542;1.93
2002;1;PRG;Gauche;3962;3.62
2002;1;PRG;Gauche;34210;37.22
2002;1;PRG;Gauche;24864;27.8
2002;1;PRG;Gauche;12479;52.73
2002;1;PRG;Gauche;4914;2.1
2002;1;FN;Extrêmedroite;4804772;16.86
2002;1;FN;Extrêmedroite;192584;23.44
2002;1;FN;Extrêmedroite;196129;13.16
2002;1;FN;Extrêmedroite;98713;14.26
2002;1;FN;Extrêmedroite;147046;18.26
2002;1;FN;Extrêmedroite;187323;11.81
2002;1;FN;Extrêmedroite;132539;21.12
2002;1;FN;Extrêmedroite;114376;19.98
2002;1;FN;Extrêmedroite;267095;22.33
2002;1;FN;Extrêmedroite;41687;10.37
2002;1;FN;Extrêmedroite;231897;21.23
2002;1;FN;Extrêmedroite;212102;15.3
2002;1;FN;Extrêmedroite;365345;19.04
2002;1;FN;Extrêmedroite;108403;14.74
2002;1;FN;Extrêmedroite;149791;17.27
2002;1;FN;Extrêmedroite;203944;12.19
2002;1;FN;Extrêmedroite;185880;20.26
2002;1;FN;Extrêmedroite;104497;12.03
2002;1;FN;Extrêmedroite;498421;23.35
2002;1;FN;Extrêmedroite;521584;19.83
2002;1;FN;Extrêmedroite;583643;14.57
2002;1;FN;Extrêmedroite;210385;17.22
2002;1;FN;Extrêmedroite;17166;15.68
2002;1;FN;Extrêmedroite;2702;2.94
2002;1;FN;Extrêmedroite;1563;1.75
2002;1;FN;Extrêmedroite;1180;4.99
2002;1;FN;Extrêmedroite;8915;3.81
2002;1;RPR;Droite;5666021;19.88
2002;1;RPR;Droite;150818;18.36
2002;1;RPR;Droite;285053;19.12
2002;1;RPR;Droite;147066;21.24
2002;1;RPR;Droite;153194;19.02
2002;1;RPR;Droite;342538;21.6
2002;1;RPR;Droite;125325;19.97
2002;1;RPR;Droite;101328;17.7
2002;1;RPR;Droite;187902;15.71
2002;1;RPR;Droite;108223;26.93
2002;1;RPR;Droite;206659;18.92
2002;1;RPR;Droite;237397;17.12
2002;1;RPR;Droite;331920;17.29
2002;1;RPR;Droite;164490;22.37
2002;1;RPR;Droite;166087;19.15
2002;1;RPR;Droite;362643;21.68
2002;1;RPR;Droite;167130;18.22
2002;1;RPR;Droite;181494;20.9
2002;1;RPR;Droite;403768;18.92
2002;1;RPR;Droite;450192;17.12
2002;1;RPR;Droite;838289;20.93
2002;1;RPR;Droite;244240;19.99
2002;1;RPR;Droite;30180;27.57
2002;1;RPR;Droite;26557;28.9
2002;1;RPR;Droite;29424;32.9
2002;1;RPR;Droite;4496;19
2002;1;RPR;Droite;86830;37.15
2002;1;UDF;Centre;1949219;6.84
2002;1;UDF;Centre;88529;10.78
2002;1;UDF;Centre;117346;7.87
2002;1;UDF;Centre;48439;7
2002;1;UDF;Centre;52855;6.56
2002;1;UDF;Centre;113920;7.18
2002;1;UDF;Centre;41469;6.61
2002;1;UDF;Centre;34985;6.11
2002;1;UDF;Centre;68182;5.7
2002;1;UDF;Centre;16544;4.12
2002;1;UDF;Centre;71143;6.51
2002;1;UDF;Centre;86974;6.27
2002;1;UDF;Centre;114217;5.95
2002;1;UDF;Centre;50445;6.86
2002;1;UDF;Centre;53537;6.17
2002;1;UDF;Centre;137473;8.22
2002;1;UDF;Centre;54298;5.92
2002;1;UDF;Centre;57360;6.6
2002;1;UDF;Centre;130530;6.12
2002;1;UDF;Centre;204612;7.78
2002;1;UDF;Centre;298996;7.47
2002;1;UDF;Centre;82415;6.75
2002;1;UDF;Centre;3660;3.34
2002;1;UDF;Centre;808;0.88
2002;1;UDF;Centre;769;0.86
2002;1;UDF;Centre;401;1.69
2002;1;UDF;Centre;5838;2.5
2002;1;PT;Extrêmegauche;132696;0.47
2002;1;PT;Extrêmegauche;3738;0.46
2002;1;PT;Extrêmegauche;6042;0.41
2002;1;PT;Extrêmegauche;3847;0.56
2002;1;PT;Extrêmegauche;4477;0.56
2002;1;PT;Extrêmegauche;7500;0.47
2002;1;PT;Extrêmegauche;3127;0.5
2002;1;PT;Extrêmegauche;2982;0.52
2002;1;PT;Extrêmegauche;5125;0.43
2002;1;PT;Extrêmegauche;1887;0.47
2002;1;PT;Extrêmegauche;6153;0.56
2002;1;PT;Extrêmegauche;5754;0.42
2002;1;PT;Extrêmegauche;9605;0.5
2002;1;PT;Extrêmegauche;3933;0.53
2002;1;PT;Extrêmegauche;4839;0.56
2002;1;PT;Extrêmegauche;9278;0.55
2002;1;PT;Extrêmegauche;5479;0.6
2002;1;PT;Extrêmegauche;4801;0.55
2002;1;PT;Extrêmegauche;7765;0.36
2002;1;PT;Extrêmegauche;12090;0.46
2002;1;PT;Extrêmegauche;16170;0.4
2002;1;PT;Extrêmegauche;6512;0.53
2002;1;PT;Extrêmegauche;284;0.26
2002;1;PT;Extrêmegauche;77;0.08
2002;1;PT;Extrêmegauche;84;0.09
2002;1;PT;Extrêmegauche;37;0.16
2002;1;PT;Extrêmegauche;512;0.22
2002;1;Cap21;Centre;535875;1.88
2002;1;Cap21;Centre;17815;2.17
2002;1;Cap21;Centre;23795;1.6
2002;1;Cap21;Centre;11568;1.67
2002;1;Cap21;Centre;14062;1.75
2002;1;Cap21;Centre;34702;2.19
2002;1;Cap21;Centre;10922;1.74
2002;1;Cap21;Centre;10352;1.81
2002;1;Cap21;Centre;17156;1.43
2002;1;Cap21;Centre;5967;1.48
2002;1;Cap21;Centre;19628;1.8
2002;1;Cap21;Centre;24869;1.79
2002;1;Cap21;Centre;24551;1.28
2002;1;Cap21;Centre;15252;2.07
2002;1;Cap21;Centre;15397;1.78
2002;1;Cap21;Centre;38685;2.31
2002;1;Cap21;Centre;14883;1.62
2002;1;Cap21;Centre;16100;1.85
2002;1;Cap21;Centre;36291;1.7
2002;1;Cap21;Centre;61151;2.33
2002;1;Cap21;Centre;90237;2.25
2002;1;Cap21;Centre;23355;1.91
2002;1;Cap21;Centre;920;0.84
2002;1;Cap21;Centre;328;0.36
2002;1;Cap21;Centre;232;0.26
2002;1;Cap21;Centre;143;0.6
2002;1;Cap21;Centre;2232;0.95
2002;1;MNR;Extrêmedroite;667043;2.34
2002;1;MNR;Extrêmedroite;35661;4.34
2002;1;MNR;Extrêmedroite;23272;1.56
2002;1;MNR;Extrêmedroite;13968;2.02
2002;1;MNR;Extrêmedroite;22107;2.74
2002;1;MNR;Extrêmedroite;16913;1.07
2002;1;MNR;Extrêmedroite;18737;2.99
2002;1;MNR;Extrêmedroite;18780;3.28
2002;1;MNR;Extrêmedroite;31007;2.59
2002;1;MNR;Extrêmedroite;6162;1.53
2002;1;MNR;Extrêmedroite;33211;3.04
2002;1;MNR;Extrêmedroite;25490;1.84
2002;1;MNR;Extrêmedroite;46634;2.43
2002;1;MNR;Extrêmedroite;14293;1.94
2002;1;MNR;Extrêmedroite;23851;2.75
2002;1;MNR;Extrêmedroite;28266;1.69
2002;1;MNR;Extrêmedroite;24836;2.71
2002;1;MNR;Extrêmedroite;14411;1.66
2002;1;MNR;Extrêmedroite;80834;3.79
2002;1;MNR;Extrêmedroite;71834;2.73
2002;1;MNR;Extrêmedroite;79336;1.98
2002;1;MNR;Extrêmedroite;30124;2.47
2002;1;MNR;Extrêmedroite;1679;1.53
2002;1;MNR;Extrêmedroite;302;0.33
2002;1;MNR;Extrêmedroite;177;0.2
2002;1;MNR;Extrêmedroite;150;0.63
2002;1;MNR;Extrêmedroite;2027;0.87
2002;2;RPR;Droite;25537894;82.21
2002;2;RPR;Droite;685607;78.63
2002;2;RPR;Droite;1383727;84.62
2002;2;RPR;Droite;642732;85.86
2002;2;RPR;Droite;690453;80.85
2002;2;RPR;Droite;1523388;88.56
2002;2;RPR;Droite;518539;77.78
2002;2;RPR;Droite;477536;79.89
2002;2;RPR;Droite;951932;75.54
2002;2;RPR;Droite;385736;89.5
2002;2;RPR;Droite;946451;79.31
2002;2;RPR;Droite;1240921;84.42
2002;2;RPR;Droite;1589090;78.11
2002;2;RPR;Droite;668878;83.87
2002;2;RPR;Droite;752729;81.22
2002;2;RPR;Droite;1607900;87.72
2002;2;RPR;Droite;732317;76.12
2002;2;RPR;Droite;817768;86.25
2002;2;RPR;Droite;1655830;72.31
2002;2;RPR;Droite;2286853;80.83
2002;2;RPR;Droite;4010588;85.57
2002;2;RPR;Droite;1074401;82.13
2002;2;RPR;Droite;95705;79.76
2002;2;RPR;Droite;93038;91.28
2002;2;RPR;Droite;108449;96.15
2002;2;RPR;Droite;19726;89.09
2002;2;RPR;Droite;277997;91.9
2002;2;FN;Extrêmedroite;5525034;17.79
2002;2;FN;Extrêmedroite;186355;21.37
2002;2;FN;Extrêmedroite;251468;15.38
2002;2;FN;Extrêmedroite;105807;14.14
2002;2;FN;Extrêmedroite;163501;19.15
2002;2;FN;Extrêmedroite;196712;11.44
2002;2;FN;Extrêmedroite;148162;22.22
2002;2;FN;Extrêmedroite;120194;20.11
2002;2;FN;Extrêmedroite;308257;24.46
2002;2;FN;Extrêmedroite;45239;10.5
2002;2;FN;Extrêmedroite;246963;20.69
2002;2;FN;Extrêmedroite;229096;15.58
2002;2;FN;Extrêmedroite;445357;21.89
2002;2;FN;Extrêmedroite;128660;16.13
2002;2;FN;Extrêmedroite;174046;18.78
2002;2;FN;Extrêmedroite;225101;12.28
2002;2;FN;Extrêmedroite;229739;23.88
2002;2;FN;Extrêmedroite;130376;13.75
2002;2;FN;Extrêmedroite;634180;27.69
2002;2;FN;Extrêmedroite;542267;19.17
2002;2;FN;Extrêmedroite;676452;14.43
2002;2;FN;Extrêmedroite;233827;17.87
2002;2;FN;Extrêmedroite;24281;20.24
2002;2;FN;Extrêmedroite;8889;8.72
2002;2;FN;Extrêmedroite;4339;3.85
2002;2;FN;Extrêmedroite;2416;10.91
2002;2;FN;Extrêmedroite;24507;8.1
2007;1;UDF;Centre;6820119;18.57
2007;1;UDF;Centre;214339;21.41
2007;1;UDF;Centre;417546;21.4
2007;1;UDF;Centre;169395;19.95
2007;1;UDF;Centre;175213;17.98
2007;1;UDF;Centre;451986;22.55
2007;1;UDF;Centre;122642;16.28
2007;1;UDF;Centre;114085;16.62
2007;1;UDF;Centre;234743;15.22
2007;1;UDF;Centre;82448;17.65
2007;1;UDF;Centre;250198;18.35
2007;1;UDF;Centre;341641;19.61
2007;1;UDF;Centre;340694;14.88
2007;1;UDF;Centre;183917;20.23
2007;1;UDF;Centre;184625;17.5
2007;1;UDF;Centre;457569;21.18
2007;1;UDF;Centre;161253;14.74
2007;1;UDF;Centre;193882;17.99
2007;1;UDF;Centre;419162;15.36
2007;1;UDF;Centre;689671;20.1
2007;1;UDF;Centre;1143075;20.01
2007;1;UDF;Centre;278177;18.76
2007;1;UDF;Centre;18979;12.36
2007;1;UDF;Centre;14292;8.51
2007;1;UDF;Centre;13715;8.61
2007;1;UDF;Centre;4431;12.51
2007;1;UDF;Centre;47574;13.29
2007;1;PT;Extrêmegauche;123540;0.34
2007;1;PT;Extrêmegauche;2522;0.25
2007;1;PT;Extrêmegauche;7572;0.39
2007;1;PT;Extrêmegauche;4206;0.5
2007;1;PT;Extrêmegauche;3608;0.37
2007;1;PT;Extrêmegauche;5169;0.26
2007;1;PT;Extrêmegauche;2271;0.3
2007;1;PT;Extrêmegauche;2443;0.36
2007;1;PT;Extrêmegauche;11436;0.74
2007;1;PT;Extrêmegauche;2282;0.49
2007;1;PT;Extrêmegauche;4200;0.31
2007;1;PT;Extrêmegauche;8778;0.5
2007;1;PT;Extrêmegauche;6324;0.28
2007;1;PT;Extrêmegauche;3081;0.34
2007;1;PT;Extrêmegauche;3604;0.34
2007;1;PT;Extrêmegauche;6481;0.3
2007;1;PT;Extrêmegauche;4123;0.38
2007;1;PT;Extrêmegauche;3836;0.36
2007;1;PT;Extrêmegauche;9935;0.36
2007;1;PT;Extrêmegauche;10963;0.32
2007;1;PT;Extrêmegauche;12388;0.22
2007;1;PT;Extrêmegauche;5696;0.38
2007;1;PT;Extrêmegauche;450;0.29
2007;1;PT;Extrêmegauche;301;0.18
2007;1;PT;Extrêmegauche;216;0.14
2007;1;PT;Extrêmegauche;59;0.17
2007;1;PT;Extrêmegauche;695;0.19
2007;1;UMP;Droite;11448663;31.18
2007;1;UMP;Droite;362384;36.19
2007;1;UMP;Droite;532158;27.28
2007;1;UMP;Droite;238153;28.04
2007;1;UMP;Droite;297544;30.54
2007;1;UMP;Droite;557505;27.81
2007;1;UMP;Droite;246683;32.74
2007;1;UMP;Droite;212250;30.93
2007;1;UMP;Droite;470019;30.48
2007;1;UMP;Droite;123872;26.51
2007;1;UMP;Droite;403916;29.62
2007;1;UMP;Droite;458092;26.29
2007;1;UMP;Droite;639293;27.92
2007;1;UMP;Droite;280396;30.84
2007;1;UMP;Droite;309925;29.38
2007;1;UMP;Droite;636937;29.48
2007;1;UMP;Droite;331150;30.27
2007;1;UMP;Droite;304085;28.22
2007;1;UMP;Droite;1010235;37.01
2007;1;UMP;Droite;1120930;32.67
2007;1;UMP;Droite;1931425;33.81
2007;1;UMP;Droite;460429;31.06
2007;1;UMP;Droite;56819;37
2007;1;UMP;Droite;71568;42.63
2007;1;UMP;Droite;53825;33.77
2007;1;UMP;Droite;14650;41.35
2007;1;UMP;Droite;89800;25.09
2007;1;FN;Extrêmedroite;3834530;10.44
2007;1;FN;Extrêmedroite;135732;13.56
2007;1;FN;Extrêmedroite;168665;8.65
2007;1;FN;Extrêmedroite;78804;9.28
2007;1;FN;Extrêmedroite;119041;12.22
2007;1;FN;Extrêmedroite;143926;7.18
2007;1;FN;Extrêmedroite;114522;15.2
2007;1;FN;Extrêmedroite;94172;13.72
2007;1;FN;Extrêmedroite;214468;13.91
2007;1;FN;Extrêmedroite;38525;8.24
2007;1;FN;Extrêmedroite;196698;14.43
2007;1;FN;Extrêmedroite;154767;8.88
2007;1;FN;Extrêmedroite;335856;14.67
2007;1;FN;Extrêmedroite;88386;9.72
2007;1;FN;Extrêmedroite;126795;12.02
2007;1;FN;Extrêmedroite;158843;7.35
2007;1;FN;Extrêmedroite;168742;15.42
2007;1;FN;Extrêmedroite;88074;8.17
2007;1;FN;Extrêmedroite;377830;13.84
2007;1;FN;Extrêmedroite;360297;10.5
2007;1;FN;Extrêmedroite;430562;7.54
2007;1;FN;Extrêmedroite;168912;11.39
2007;1;FN;Extrêmedroite;23433;15.26
2007;1;FN;Extrêmedroite;5335;3.18
2007;1;FN;Extrêmedroite;3367;2.11
2007;1;FN;Extrêmedroite;1953;5.51
2007;1;FN;Extrêmedroite;17469;4.88
2007;1;LO;Extrêmegauche;487857;1.33
2007;1;LO;Extrêmegauche;13821;1.38
2007;1;LO;Extrêmegauche;22016;1.13
2007;1;LO;Extrêmegauche;12936;1.52
2007;1;LO;Extrêmegauche;14440;1.48
2007;1;LO;Extrêmegauche;25663;1.28
2007;1;LO;Extrêmegauche;13560;1.8
2007;1;LO;Extrêmegauche;10879;1.59
2007;1;LO;Extrêmegauche;17175;1.11
2007;1;LO;Extrêmegauche;6566;1.41
2007;1;LO;Extrêmegauche;25574;1.88
2007;1;LO;Extrêmegauche;18613;1.07
2007;1;LO;Extrêmegauche;52668;2.3
2007;1;LO;Extrêmegauche;14620;1.61
2007;1;LO;Extrêmegauche;20048;1.9
2007;1;LO;Extrêmegauche;28481;1.32
2007;1;LO;Extrêmegauche;23938;2.19
2007;1;LO;Extrêmegauche;13943;1.29
2007;1;LO;Extrêmegauche;26407;0.97
2007;1;LO;Extrêmegauche;38095;1.11
2007;1;LO;Extrêmegauche;52962;0.93
2007;1;LO;Extrêmegauche;22279;1.5
2007;1;LO;Extrêmegauche;1346;0.88
2007;1;LO;Extrêmegauche;1834;1.09
2007;1;LO;Extrêmegauche;2049;1.29
2007;1;LO;Extrêmegauche;346;0.98
2007;1;LO;Extrêmegauche;4288;1.2
2007;1;CPNT;Droite;420645;1.15
2007;1;CPNT;Droite;5142;0.51
2007;1;CPNT;Droite;35300;1.81
2007;1;CPNT;Droite;12474;1.47
2007;1;CPNT;Droite;12080;1.24
2007;1;CPNT;Droite;21207;1.06
2007;1;CPNT;Droite;9016;1.2
2007;1;CPNT;Droite;7811;1.14
2007;1;CPNT;Droite;21356;1.38
2007;1;CPNT;Droite;8031;1.72
2007;1;CPNT;Droite;10379;0.76
2007;1;CPNT;Droite;25280;1.45
2007;1;CPNT;Droite;43598;1.9
2007;1;CPNT;Droite;21407;2.35
2007;1;CPNT;Droite;13717;1.3
2007;1;CPNT;Droite;26674;1.23
2007;1;CPNT;Droite;20417;1.87
2007;1;CPNT;Droite;21549;2
2007;1;CPNT;Droite;26534;0.97
2007;1;CPNT;Droite;32615;0.95
2007;1;CPNT;Droite;19849;0.35
2007;1;CPNT;Droite;20567;1.39
2007;1;CPNT;Droite;2259;1.47
2007;1;CPNT;Droite;383;0.23
2007;1;CPNT;Droite;338;0.21
2007;1;CPNT;Droite;103;0.29
2007;1;CPNT;Droite;1061;0.3
2007;1;MPF;Droite;818407;2.23
2007;1;MPF;Droite;22492;2.25
2007;1;MPF;Droite;34028;1.74
2007;1;MPF;Droite;18730;2.21
2007;1;MPF;Droite;24971;2.56
2007;1;MPF;Droite;41212;2.06
2007;1;MPF;Droite;20450;2.71
2007;1;MPF;Droite;16351;2.38
2007;1;MPF;Droite;28166;1.83
2007;1;MPF;Droite;10789;2.31
2007;1;MPF;Droite;29183;2.14
2007;1;MPF;Droite;30850;1.77
2007;1;MPF;Droite;40682;1.78
2007;1;MPF;Droite;25640;2.82
2007;1;MPF;Droite;25692;2.44
2007;1;MPF;Droite;107895;4.99
2007;1;MPF;Droite;26729;2.44
2007;1;MPF;Droite;38633;3.58
2007;1;MPF;Droite;54851;2.01
2007;1;MPF;Droite;75904;2.21
2007;1;MPF;Droite;89478;1.57
2007;1;MPF;Droite;45720;3.08
2007;1;MPF;Droite;1908;1.24
2007;1;MPF;Droite;790;0.47
2007;1;MPF;Droite;777;0.49
2007;1;MPF;Droite;191;0.54
2007;1;MPF;Droite;2095;0.59
2007;1;LV;Gauche;576666;1.57
2007;1;LV;Gauche;20382;2.04
2007;1;LV;Gauche;28285;1.45
2007;1;LV;Gauche;12090;1.42
2007;1;LV;Gauche;13690;1.41
2007;1;LV;Gauche;39026;1.95
2007;1;LV;Gauche;10726;1.42
2007;1;LV;Gauche;12877;1.88
2007;1;LV;Gauche;20787;1.35
2007;1;LV;Gauche;6144;1.31
2007;1;LV;Gauche;21562;1.58
2007;1;LV;Gauche;25267;1.45
2007;1;LV;Gauche;31382;1.37
2007;1;LV;Gauche;14361;1.58
2007;1;LV;Gauche;15706;1.49
2007;1;LV;Gauche;38951;1.8
2007;1;LV;Gauche;14225;1.3
2007;1;LV;Gauche;16310;1.51
2007;1;LV;Gauche;38339;1.4
2007;1;LV;Gauche;62997;1.84
2007;1;LV;Gauche;89887;1.57
2007;1;LV;Gauche;22655;1.53
2007;1;LV;Gauche;2120;1.38
2007;1;LV;Gauche;2036;1.21
2007;1;LV;Gauche;1479;0.93
2007;1;LV;Gauche;533;1.5
2007;1;LV;Gauche;4608;1.29
2007;1;PCF;Gauche;707268;1.93
2007;1;PCF;Gauche;6100;0.61
2007;1;PCF;Gauche;41791;2.14
2007;1;PCF;Gauche;21920;2.58
2007;1;PCF;Gauche;18154;1.86
2007;1;PCF;Gauche;31860;1.59
2007;1;PCF;Gauche;12465;1.65
2007;1;PCF;Gauche;9201;1.34
2007;1;PCF;Gauche;38590;2.5
2007;1;PCF;Gauche;15695;3.36
2007;1;PCF;Gauche;19241;1.41
2007;1;PCF;Gauche;34076;1.96
2007;1;PCF;Gauche;74021;3.23
2007;1;PCF;Gauche;11197;1.23
2007;1;PCF;Gauche;26376;2.5
2007;1;PCF;Gauche;26737;1.24
2007;1;PCF;Gauche;22303;2.04
2007;1;PCF;Gauche;15897;1.48
2007;1;PCF;Gauche;61968;2.27
2007;1;PCF;Gauche;57624;1.68
2007;1;PCF;Gauche;110970;1.94
2007;1;PCF;Gauche;30003;2.02
2007;1;PCF;Gauche;5164;3.36
2007;1;PCF;Gauche;1252;0.75
2007;1;PCF;Gauche;901;0.57
2007;1;PCF;Gauche;220;0.62
2007;1;PCF;Gauche;10645;2.97
2007;1;LCR;Extrêmegauche;1498581;4.08
2007;1;LCR;Extrêmegauche;33310;3.33
2007;1;LCR;Extrêmegauche;78230;4.01
2007;1;LCR;Extrêmegauche;41522;4.89
2007;1;LCR;Extrêmegauche;42246;4.34
2007;1;LCR;Extrêmegauche;94205;4.7
2007;1;LCR;Extrêmegauche;33422;4.44
2007;1;LCR;Extrêmegauche;30665;4.47
2007;1;LCR;Extrêmegauche;62598;4.06
2007;1;LCR;Extrêmegauche;24041;5.15
2007;1;LCR;Extrêmegauche;70931;5.2
2007;1;LCR;Extrêmegauche;69177;3.97
2007;1;LCR;Extrêmegauche;127893;5.58
2007;1;LCR;Extrêmegauche;43896;4.83
2007;1;LCR;Extrêmegauche;58312;5.53
2007;1;LCR;Extrêmegauche;93687;4.34
2007;1;LCR;Extrêmegauche;57720;5.28
2007;1;LCR;Extrêmegauche;45598;4.23
2007;1;LCR;Extrêmegauche;88331;3.24
2007;1;LCR;Extrêmegauche;123711;3.61
2007;1;LCR;Extrêmegauche;181247;3.17
2007;1;LCR;Extrêmegauche;65347;4.41
2007;1;LCR;Extrêmegauche;5941;3.87
2007;1;LCR;Extrêmegauche;4276;2.55
2007;1;LCR;Extrêmegauche;4057;2.55
2007;1;LCR;Extrêmegauche;911;2.57
2007;1;LCR;Extrêmegauche;9419;2.63
2007;1;DVG;Gauche;483008;1.32
2007;1;DVG;Gauche;13758;1.37
2007;1;DVG;Gauche;27941;1.43
2007;1;DVG;Gauche;13532;1.59
2007;1;DVG;Gauche;12296;1.26
2007;1;DVG;Gauche;28485;1.42
2007;1;DVG;Gauche;7414;0.98
2007;1;DVG;Gauche;10360;1.51
2007;1;DVG;Gauche;27402;1.78
2007;1;DVG;Gauche;6629;1.42
2007;1;DVG;Gauche;16093;1.18
2007;1;DVG;Gauche;33687;1.93
2007;1;DVG;Gauche;24593;1.07
2007;1;DVG;Gauche;13153;1.45
2007;1;DVG;Gauche;12563;1.19
2007;1;DVG;Gauche;25811;1.19
2007;1;DVG;Gauche;11619;1.06
2007;1;DVG;Gauche;13936;1.29
2007;1;DVG;Gauche;36963;1.35
2007;1;DVG;Gauche;51420;1.5
2007;1;DVG;Gauche;57443;1.01
2007;1;DVG;Gauche;17395;1.17
2007;1;DVG;Gauche;1659;1.08
2007;1;DVG;Gauche;1560;0.93
2007;1;DVG;Gauche;1388;0.87
2007;1;DVG;Gauche;505;1.43
2007;1;DVG;Gauche;4847;1.35
2007;1;PS;Gauche;9500112;25.87
2007;1;PS;Gauche;171283;17.11
2007;1;PS;Gauche;557300;28.57
2007;1;PS;Gauche;225476;26.55
2007;1;PS;Gauche;241094;24.74
2007;1;PS;Gauche;564090;28.14
2007;1;PS;Gauche;160274;21.27
2007;1;PS;Gauche;165201;24.07
2007;1;PS;Gauche;395510;25.64
2007;1;PS;Gauche;142237;30.44
2007;1;PS;Gauche;315596;23.14
2007;1;PS;Gauche;542039;31.11
2007;1;PS;Gauche;573021;25.02
2007;1;PS;Gauche;209000;22.99
2007;1;PS;Gauche;257664;24.42
2007;1;PS;Gauche;552274;25.56
2007;1;PS;Gauche;251918;23.02
2007;1;PS;Gauche;321934;29.87
2007;1;PS;Gauche;579036;21.21
2007;1;PS;Gauche;806682;23.51
2007;1;PS;Gauche;1593001;27.89
2007;1;PS;Gauche;345354;23.29
2007;1;PS;Gauche;33493;21.81
2007;1;PS;Gauche;64261;38.28
2007;1;PS;Gauche;77266;48.48
2007;1;PS;Gauche;11526;32.53
2007;1;PS;Gauche;165464;46.22
2007;2;PS;Gauche;16790440;46.94
2007;2;PS;Gauche;337781;34.5
2007;2;PS;Gauche;971807;51.65
2007;2;PS;Gauche;415650;50.63
2007;2;PS;Gauche;434478;45.72
2007;2;PS;Gauche;1023094;52.62
2007;2;PS;Gauche;304449;41.47
2007;2;PS;Gauche;297492;44.49
2007;2;PS;Gauche;687158;45.9
2007;2;PS;Gauche;249470;54.58
2007;2;PS;Gauche;593561;45.35
2007;2;PS;Gauche;898194;53.29
2007;2;PS;Gauche;1117952;49.69
2007;2;PS;Gauche;402149;45.78
2007;2;PS;Gauche;492154;47.53
2007;2;PS;Gauche;1003684;48.27
2007;2;PS;Gauche;487508;45.55
2007;2;PS;Gauche;542882;51.26
2007;2;PS;Gauche;1025774;38.16
2007;2;PS;Gauche;1440224;43.69
2007;2;PS;Gauche;2612107;47.51
2007;2;PS;Gauche;650777;44.98
2007;2;PS;Gauche;62209;39.88
2007;2;PS;Gauche;95510;50.83
2007;2;PS;Gauche;108522;60.52
2007;2;PS;Gauche;17954;46.92
2007;2;PS;Gauche;242231;63.57
2007;2;UMP;Droite;18983138;53.06
2007;2;UMP;Droite;641324;65.5
2007;2;UMP;Droite;909798;48.35
2007;2;UMP;Droite;405352;49.37
2007;2;UMP;Droite;515827;54.28
2007;2;UMP;Droite;921218;47.38
2007;2;UMP;Droite;429708;58.53
2007;2;UMP;Droite;371156;55.51
2007;2;UMP;Droite;809868;54.1
2007;2;UMP;Droite;207618;45.42
2007;2;UMP;Droite;715247;54.65
2007;2;UMP;Droite;787351;46.71
2007;2;UMP;Droite;1131904;50.31
2007;2;UMP;Droite;476255;54.22
2007;2;UMP;Droite;543404;52.47
2007;2;UMP;Droite;1075685;51.73
2007;2;UMP;Droite;582715;54.45
2007;2;UMP;Droite;516282;48.74
2007;2;UMP;Droite;1662131;61.84
2007;2;UMP;Droite;1856430;56.31
2007;2;UMP;Droite;2885762;52.49
2007;2;UMP;Droite;795959;55.02
2007;2;UMP;Droite;93771;60.12
2007;2;UMP;Droite;92387;49.17
2007;2;UMP;Droite;70796;39.48
2007;2;UMP;Droite;20311;53.08
2007;2;UMP;Droite;138807;36.43
2012;1;PS;Gauche;10272705;28.63
2012;1;PS;Gauche;191282;19.3
2012;1;PS;Gauche;593670;31.05
2012;1;PS;Gauche;251981;30.77
2012;1;PS;Gauche;262817;27.99
2012;1;PS;Gauche;628441;31.74
2012;1;PS;Gauche;178810;24.76
2012;1;PS;Gauche;172647;25.89
2012;1;PS;Gauche;408664;26.34
2012;1;PS;Gauche;171766;38.02
2012;1;PS;Gauche;332001;25.47
2012;1;PS;Gauche;552933;31.9
2012;1;PS;Gauche;633442;28.53
2012;1;PS;Gauche;242705;27.54
2012;1;PS;Gauche;286912;27.86
2012;1;PS;Gauche;609189;28.4
2012;1;PS;Gauche;282704;26.59
2012;1;PS;Gauche;329014;31.17
2012;1;PS;Gauche;600742;22.05
2012;1;PS;Gauche;869849;25.45
2012;1;PS;Gauche;1695372;31.75
2012;1;PS;Gauche;385169;26.64
2012;1;PS;Gauche;39029;24.28
2012;1;PS;Gauche;82735;57
2012;1;PS;Gauche;76034;51.98
2012;1;PS;Gauche;15943;42.61
2012;1;PS;Gauche;194009;53.29
2012;1;PS;Gauche;13152;36.55
2012;1;UMP;Droite;9753629;27.18
2012;1;UMP;Droite;326317;32.92
2012;1;UMP;Droite;465365;24.34
2012;1;UMP;Droite;192190;23.47
2012;1;UMP;Droite;250206;26.65
2012;1;UMP;Droite;508072;25.66
2012;1;UMP;Droite;206031;28.53
2012;1;UMP;Droite;177702;26.64
2012;1;UMP;Droite;384097;24.76
2012;1;UMP;Droite;94211;20.85
2012;1;UMP;Droite;330570;25.36
2012;1;UMP;Droite;397594;22.94
2012;1;UMP;Droite;524346;23.62
2012;1;UMP;Droite;249477;28.31
2012;1;UMP;Droite;266934;25.92
2012;1;UMP;Droite;614195;28.63
2012;1;UMP;Droite;266696;25.09
2012;1;UMP;Droite;270372;25.61
2012;1;UMP;Droite;846367;31.06
2012;1;UMP;Droite;968812;28.35
2012;1;UMP;Droite;1550000;29.02
2012;1;UMP;Droite;403460;27.9
2012;1;UMP;Droite;50492;31.41
2012;1;UMP;Droite;33973;23.4
2012;1;UMP;Droite;38443;26.28
2012;1;UMP;Droite;10174;27.19
2012;1;UMP;Droite;65377;17.96
2012;1;UMP;Droite;17536;48.73
2012;1;EELV;Gauche;828345;2.31
2012;1;EELV;Gauche;27168;2.74
2012;1;EELV;Gauche;45051;2.36
2012;1;EELV;Gauche;15356;1.88
2012;1;EELV;Gauche;17077;1.82
2012;1;EELV;Gauche;58396;2.95
2012;1;EELV;Gauche;10150;1.41
2012;1;EELV;Gauche;14369;2.15
2012;1;EELV;Gauche;35465;2.29
2012;1;EELV;Gauche;7449;1.65
2012;1;EELV;Gauche;22753;1.75
2012;1;EELV;Gauche;44753;2.58
2012;1;EELV;Gauche;34291;1.54
2012;1;EELV;Gauche;17279;1.96
2012;1;EELV;Gauche;16900;1.64
2012;1;EELV;Gauche;52816;2.46
2012;1;EELV;Gauche;14084;1.32
2012;1;EELV;Gauche;22036;2.09
2012;1;EELV;Gauche;59009;2.17
2012;1;EELV;Gauche;97801;2.86
2012;1;EELV;Gauche;144346;2.7
2012;1;EELV;Gauche;26314;1.82
2012;1;EELV;Gauche;3678;2.29
2012;1;EELV;Gauche;2134;1.47
2012;1;EELV;Gauche;2275;1.56
2012;1;EELV;Gauche;843;2.25
2012;1;EELV;Gauche;7737;2.13
2012;1;EELV;Gauche;789;2.19
2012;1;FN;Extrêmedroite;6421426;17.9
2012;1;FN;Extrêmedroite;219252;22.12
2012;1;FN;Extrêmedroite;296151;15.49
2012;1;FN;Extrêmedroite;139768;17.07
2012;1;FN;Extrêmedroite;191148;20.36
2012;1;FN;Extrêmedroite;262095;13.24
2012;1;FN;Extrêmedroite;172632;23.91
2012;1;FN;Extrêmedroite;141972;21.29
2012;1;FN;Extrêmedroite;363880;23.45
2012;1;FN;Extrêmedroite;69256;15.33
2012;1;FN;Extrêmedroite;308392;23.66
2012;1;FN;Extrêmedroite;281085;16.22
2012;1;FN;Extrêmedroite;517115;23.29
2012;1;FN;Extrêmedroite;150810;17.11
2012;1;FN;Extrêmedroite;207520;20.15
2012;1;FN;Extrêmedroite;308806;14.39
2012;1;FN;Extrêmedroite;266041;25.03
2012;1;FN;Extrêmedroite;173595;16.45
2012;1;FN;Extrêmedroite;650336;23.87
2012;1;FN;Extrêmedroite;628332;18.38
2012;1;FN;Extrêmedroite;655926;12.28
2012;1;FN;Extrêmedroite;280096;19.37
2012;1;FN;Extrêmedroite;39209;24.39
2012;1;FN;Extrêmedroite;7486;5.16
2012;1;FN;Extrêmedroite;6960;4.76
2012;1;FN;Extrêmedroite;3920;10.48
2012;1;FN;Extrêmedroite;37549;10.31
2012;1;FN;Extrêmedroite;996;2.77
2012;1;PG;Gauche;3984822;11.1
2012;1;PG;Gauche;72378;7.3
2012;1;PG;Gauche;231877;12.13
2012;1;PG;Gauche;104710;12.79
2012;1;PG;Gauche;97185;10.35
2012;1;PG;Gauche;217929;11.01
2012;1;PG;Gauche;62132;8.6
2012;1;PG;Gauche;73946;11.09
2012;1;PG;Gauche;204170;13.16
2012;1;PG;Gauche;57883;12.81
2012;1;PG;Gauche;133610;10.25
2012;1;PG;Gauche;229282;13.23
2012;1;PG;Gauche;271011;12.21
2012;1;PG;Gauche;88064;9.99
2012;1;PG;Gauche;126331;12.27
2012;1;PG;Gauche;217491;10.14
2012;1;PG;Gauche;110630;10.41
2012;1;PG;Gauche;112766;10.68
2012;1;PG;Gauche;306088;11.23
2012;1;PG;Gauche;382651;11.2
2012;1;PG;Gauche;632208;11.84
2012;1;PG;Gauche;151971;10.51
2012;1;PG;Gauche;15834;9.85
2012;1;PG;Gauche;7806;5.38
2012;1;PG;Gauche;8600;5.88
2012;1;PG;Gauche;2952;7.89
2012;1;PG;Gauche;24503;6.73
2012;1;PG;Gauche;944;2.62
2012;1;NPA;Extrêmegauche;411160;1.15
2012;1;NPA;Extrêmegauche;10817;1.09
2012;1;NPA;Extrêmegauche;30275;1.58
2012;1;NPA;Extrêmegauche;10328;1.26
2012;1;NPA;Extrêmegauche;11193;1.19
2012;1;NPA;Extrêmegauche;26693;1.35
2012;1;NPA;Extrêmegauche;8602;1.19
2012;1;NPA;Extrêmegauche;8460;1.27
2012;1;NPA;Extrêmegauche;17072;1.1
2012;1;NPA;Extrêmegauche;5378;1.19
2012;1;NPA;Extrêmegauche;18173;1.39
2012;1;NPA;Extrêmegauche;21319;1.23
2012;1;NPA;Extrêmegauche;26086;1.17
2012;1;NPA;Extrêmegauche;12031;1.37
2012;1;NPA;Extrêmegauche;13502;1.31
2012;1;NPA;Extrêmegauche;28637;1.33
2012;1;NPA;Extrêmegauche;13420;1.26
2012;1;NPA;Extrêmegauche;15347;1.45
2012;1;NPA;Extrêmegauche;23107;0.85
2012;1;NPA;Extrêmegauche;35386;1.04
2012;1;NPA;Extrêmegauche;44561;0.83
2012;1;NPA;Extrêmegauche;17609;1.22
2012;1;NPA;Extrêmegauche;1874;1.17
2012;1;NPA;Extrêmegauche;1151;0.79
2012;1;NPA;Extrêmegauche;1712;1.17
2012;1;NPA;Extrêmegauche;479;1.28
2012;1;NPA;Extrêmegauche;3170;0.87
2012;1;NPA;Extrêmegauche;299;0.83
2012;1;LO;Extrêmegauche;202548;0.56
2012;1;LO;Extrêmegauche;6387;0.64
2012;1;LO;Extrêmegauche;9112;0.48
2012;1;LO;Extrêmegauche;5508;0.67
2012;1;LO;Extrêmegauche;5937;0.63
2012;1;LO;Extrêmegauche;12593;0.64
2012;1;LO;Extrêmegauche;4984;0.69
2012;1;LO;Extrêmegauche;4615;0.69
2012;1;LO;Extrêmegauche;7027;0.45
2012;1;LO;Extrêmegauche;2651;0.59
2012;1;LO;Extrêmegauche;9437;0.72
2012;1;LO;Extrêmegauche;8295;0.48
2012;1;LO;Extrêmegauche;16791;0.76
2012;1;LO;Extrêmegauche;6141;0.7
2012;1;LO;Extrêmegauche;7107;0.69
2012;1;LO;Extrêmegauche;14335;0.67
2012;1;LO;Extrêmegauche;8798;0.83
2012;1;LO;Extrêmegauche;6974;0.66
2012;1;LO;Extrêmegauche;9493;0.35
2012;1;LO;Extrêmegauche;18287;0.54
2012;1;LO;Extrêmegauche;20133;0.38
2012;1;LO;Extrêmegauche;9827;0.68
2012;1;LO;Extrêmegauche;502;0.31
2012;1;LO;Extrêmegauche;1335;0.92
2012;1;LO;Extrêmegauche;1442;0.99
2012;1;LO;Extrêmegauche;208;0.56
2012;1;LO;Extrêmegauche;2190;0.6
2012;1;LO;Extrêmegauche;192;0.53
2012;1;MoDem;Centre;3275122;9.13
2012;1;MoDem;Centre;116116;11.71
2012;1;MoDem;Centre;204687;10.71
2012;1;MoDem;Centre;81777;9.99
2012;1;MoDem;Centre;81987;8.73
2012;1;MoDem;Centre;224902;11.36
2012;1;MoDem;Centre;62048;8.59
2012;1;MoDem;Centre;58235;8.73
2012;1;MoDem;Centre;105433;6.8
2012;1;MoDem;Centre;34489;7.63
2012;1;MoDem;Centre;118922;9.12
2012;1;MoDem;Centre;165583;9.55
2012;1;MoDem;Centre;156865;7.07
2012;1;MoDem;Centre;93160;10.57
2012;1;MoDem;Centre;82590;8.02
2012;1;MoDem;Centre;249971;11.65
2012;1;MoDem;Centre;77121;7.25
2012;1;MoDem;Centre;100802;9.55
2012;1;MoDem;Centre;182178;6.69
2012;1;MoDem;Centre;340073;9.95
2012;1;MoDem;Centre;492070;9.21
2012;1;MoDem;Centre;137172;9.49
2012;1;MoDem;Centre;8050;5.01
2012;1;MoDem;Centre;6861;4.73
2012;1;MoDem;Centre;8681;5.93
2012;1;MoDem;Centre;2329;6.23
2012;1;MoDem;Centre;24853;6.83
2012;1;MoDem;Centre;1505;4.18
2012;1;DLR;Droite;643907;1.79
2012;1;DLR;Droite;18649;1.88
2012;1;DLR;Droite;31187;1.63
2012;1;DLR;Droite;15274;1.87
2012;1;DLR;Droite;19101;2.03
2012;1;DLR;Droite;35587;1.8
2012;1;DLR;Droite;14977;2.07
2012;1;DLR;Droite;13221;1.98
2012;1;DLR;Droite;22228;1.43
2012;1;DLR;Droite;7713;1.71
2012;1;DLR;Droite;25854;1.98
2012;1;DLR;Droite;28335;1.63
2012;1;DLR;Droite;35282;1.59
2012;1;DLR;Droite;19336;2.19
2012;1;DLR;Droite;19519;1.9
2012;1;DLR;Droite;44720;2.08
2012;1;DLR;Droite;21011;1.98
2012;1;DLR;Droite;22168;2.1
2012;1;DLR;Droite;41443;1.52
2012;1;DLR;Droite;67707;1.98
2012;1;DLR;Droite;92453;1.73
2012;1;DLR;Droite;30609;2.12
2012;1;DLR;Droite;1727;1.07
2012;1;DLR;Droite;1237;0.85
2012;1;DLR;Droite;1563;1.07
2012;1;DLR;Droite;416;1.11
2012;1;DLR;Droite;3631;1
2012;1;DLR;Droite;395;1.1
2012;1;SP;Extrêmedroite;89545;0.25
2012;1;SP;Extrêmedroite;2977;0.3
2012;1;SP;Extrêmedroite;4364;0.23
2012;1;SP;Extrêmedroite;2007;0.25
2012;1;SP;Extrêmedroite;2318;0.25
2012;1;SP;Extrêmedroite;5085;0.26
2012;1;SP;Extrêmedroite;1750;0.24
2012;1;SP;Extrêmedroite;1797;0.27
2012;1;SP;Extrêmedroite;3482;0.22
2012;1;SP;Extrêmedroite;988;0.22
2012;1;SP;Extrêmedroite;3619;0.28
2012;1;SP;Extrêmedroite;4173;0.24
2012;1;SP;Extrêmedroite;5009;0.23
2012;1;SP;Extrêmedroite;2312;0.26
2012;1;SP;Extrêmedroite;2561;0.25
2012;1;SP;Extrêmedroite;5092;0.24
2012;1;SP;Extrêmedroite;2545;0.24
2012;1;SP;Extrêmedroite;2531;0.24
2012;1;SP;Extrêmedroite;5886;0.22
2012;1;SP;Extrêmedroite;8975;0.26
2012;1;SP;Extrêmedroite;13411;0.25
2012;1;SP;Extrêmedroite;3752;0.26
2012;1;SP;Extrêmedroite;337;0.21
2012;1;SP;Extrêmedroite;441;0.3
2012;1;SP;Extrêmedroite;560;0.38
2012;1;SP;Extrêmedroite;148;0.4
2012;1;SP;Extrêmedroite;1066;0.29
2012;1;SP;Extrêmedroite;175;0.49
2012;2;PS;Gauche;18000668;51.64
2012;2;PS;Gauche;349615;36.6
2012;2;PS;Gauche;1047247;56.57
2012;2;PS;Gauche;444243;56.91
2012;2;PS;Gauche;455721;50.74
2012;2;PS;Gauche;1077551;56.35
2012;2;PS;Gauche;314301;45.89
2012;2;PS;Gauche;311418;49
2012;2;PS;Gauche;756925;51.16
2012;2;PS;Gauche;278101;63.78
2012;2;PS;Gauche;604140;48.89
2012;2;PS;Gauche;960283;57.94
2012;2;PS;Gauche;1142376;54.13
2012;2;PS;Gauche;430129;50.83
2012;2;PS;Gauche;517943;52.55
2012;2;PS;Gauche;1051678;51.13
2012;2;PS;Gauche;513490;50.95
2012;2;PS;Gauche;564099;55.51
2012;2;PS;Gauche;1117419;42.38
2012;2;PS;Gauche;1567995;47.99
2012;2;PS;Gauche;2872034;53.32
2012;2;PS;Gauche;682913;49.44
2012;2;PS;Gauche;70148;44.13
2012;2;PS;Gauche;123737;71.94
2012;2;PS;Gauche;114527;68.43
2012;2;PS;Gauche;25880;62.05
2012;2;PS;Gauche;286109;71.49
2012;2;PS;Gauche;18946;49.05
2012;2;UMP;Droite;16860685;48.36
2012;2;UMP;Droite;605546;63.4
2012;2;UMP;Droite;803975;43.43
2012;2;UMP;Droite;336388;43.09
2012;2;UMP;Droite;442343;49.26
2012;2;UMP;Droite;834532;43.65
2012;2;UMP;Droite;370580;54.11
2012;2;UMP;Droite;324065;51
2012;2;UMP;Droite;722690;48.84
2012;2;UMP;Droite;157903;36.22
2012;2;UMP;Droite;631599;51.11
2012;2;UMP;Droite;696983;42.06
2012;2;UMP;Droite;967897;45.87
2012;2;UMP;Droite;416082;49.17
2012;2;UMP;Droite;467606;47.45
2012;2;UMP;Droite;1005122;48.87
2012;2;UMP;Droite;494386;49.05
2012;2;UMP;Droite;452096;44.49
2012;2;UMP;Droite;1519320;57.62
2012;2;UMP;Droite;1699187;52.01
2012;2;UMP;Droite;2514008;46.68
2012;2;UMP;Droite;698374;50.56
2012;2;UMP;Droite;88800;55.87
2012;2;UMP;Droite;48271;28.06
2012;2;UMP;Droite;52829;31.57
2012;2;UMP;Droite;15830;37.95
2012;2;UMP;Droite;114120;28.51
2012;2;UMP;Droite;19676;50.95
2017;1;EM;Centre;8654331;24.01
2017;1;EM;Centre;851366;25.12
2017;1;EM;Centre;1026414;24.5
2017;1;EM;Centre;581075;29.05
2017;1;EM;Centre;1612742;28.63
2017;1;EM;Centre;575831;24.01
2017;1;EM;Centre;33992;26.27
2017;1;EM;Centre;5031;18.75
2017;1;EM;Centre;66292;18.91
2017;1;EM;Centre;6403;19.13
2017;1;EM;Centre;520895;18.94
2017;1;EM;Centre;28528;18.48
2017;1;EM;Centre;630300;19.5
2017;1;EM;Centre;615683;20.72
2017;1;EM;Centre;338190;21.89
2017;1;EM;Centre;323724;22.68
2017;1;EM;Centre;739858;22.32
2017;1;EM;Centre;423075;22.36
2017;1;EM;Centre;27951;25.53
2017;1;FN;Extrêmedroite;7678558;21.3
2017;1;FN;Extrêmedroite;306642;15.33
2017;1;FN;Extrêmedroite;708262;12.57
2017;1;FN;Extrêmedroite;364266;16.62
2017;1;FN;Extrêmedroite;15203;13.51
2017;1;FN;Extrêmedroite;11975;10.94
2017;1;FN;Extrêmedroite;640227;18.89
2017;1;FN;Extrêmedroite;6519;24.29
2017;1;FN;Extrêmedroite;82219;23.46
2017;1;FN;Extrêmedroite;9130;27.28
2017;1;FN;Extrêmedroite;867941;20.72
2017;1;FN;Extrêmedroite;825495;27.78
2017;1;FN;Extrêmedroite;387661;25.09
2017;1;FN;Extrêmedroite;329470;23.08
2017;1;FN;Extrêmedroite;761965;22.98
2017;1;FN;Extrêmedroite;1003221;31.03
2017;1;FN;Extrêmedroite;452700;23.93
2017;1;FN;Extrêmedroite;774787;28.17
2017;1;FN;Extrêmedroite;43040;27.88
2017;1;DLF;Droite;1694898;4.7
2017;1;DLF;Droite;471;1.76
2017;1;DLF;Droite;4462;2.89
2017;1;DLF;Droite;2042;1.82
2017;1;DLF;Droite;2340;2.14
2017;1;DLF;Droite;155600;4.59
2017;1;DLF;Droite;215981;5.16
2017;1;DLF;Droite;87264;5.65
2017;1;DLF;Droite;87928;4.4
2017;1;DLF;Droite;82060;5.75
2017;1;DLF;Droite;226248;4.02
2017;1;DLF;Droite;135369;4.08
2017;1;DLF;Droite;160722;4.97
2017;1;DLF;Droite;98957;5.23
2017;1;DLF;Droite;109842;5.01
2017;1;DLF;Droite;10123;2.89
2017;1;DLF;Droite;1030;3.08
2017;1;DLF;Droite;182154;6.13
2017;1;DLF;Droite;119024;4.33
2017;1;PS;Gauche;2291025;6.36
2017;1;PS;Gauche;151312;5.09
2017;1;PS;Gauche;113344;4.12
2017;1;PS;Gauche;5780;3.74
2017;1;PS;Gauche;240175;7.09
2017;1;PS;Gauche;256658;6.13
2017;1;PS;Gauche;87384;5.66
2017;1;PS;Gauche;180827;9.04
2017;1;PS;Gauche;83552;5.85
2017;1;PS;Gauche;430386;7.64
2017;1;PS;Gauche;216322;6.53
2017;1;PS;Gauche;166640;5.16
2017;1;PS;Gauche;113744;6.01
2017;1;PS;Gauche;143491;6.55
2017;1;PS;Gauche;11188;9.95
2017;1;PS;Gauche;10673;9.75
2017;1;PS;Gauche;1528;5.69
2017;1;PS;Gauche;26872;7.67
2017;1;PS;Gauche;1454;4.34
2017;1;LO;Extrêmegauche;232439;0.64
2017;1;LO;Extrêmegauche;24300;0.82
2017;1;LO;Extrêmegauche;21442;0.63
2017;1;LO;Extrêmegauche;24676;0.59
2017;1;LO;Extrêmegauche;11494;0.74
2017;1;LO;Extrêmegauche;11365;0.8
2017;1;LO;Extrêmegauche;23595;0.42
2017;1;LO;Extrêmegauche;16777;0.51
2017;1;LO;Extrêmegauche;10439;0.38
2017;1;LO;Extrêmegauche;495;0.32
2017;1;LO;Extrêmegauche;14295;0.71
2017;1;LO;Extrêmegauche;16018;0.73
2017;1;LO;Extrêmegauche;462;1.72
2017;1;LO;Extrêmegauche;336;1
2017;1;LO;Extrêmegauche;1980;1.76
2017;1;LO;Extrêmegauche;2257;2.06
2017;1;LO;Extrêmegauche;29194;0.9
2017;1;LO;Extrêmegauche;15196;0.8
2017;1;LO;Extrêmegauche;5190;1.48
2017;1;NPA;Extrêmegauche;394510;1.09
2017;1;NPA;Extrêmegauche;21315;0.77
2017;1;NPA;Extrêmegauche;4376;1.25
2017;1;NPA;Extrêmegauche;49649;1.46
2017;1;NPA;Extrêmegauche;43541;1.04
2017;1;NPA;Extrêmegauche;45713;0.81
2017;1;NPA;Extrêmegauche;35211;1.06
2017;1;NPA;Extrêmegauche;1380;0.89
2017;1;NPA;Extrêmegauche;33653;1.04
2017;1;NPA;Extrêmegauche;23816;1.26
2017;1;NPA;Extrêmegauche;26340;1.2
2017;1;NPA;Extrêmegauche;18531;1.2
2017;1;NPA;Extrêmegauche;27092;1.35
2017;1;NPA;Extrêmegauche;16282;1.14
2017;1;NPA;Extrêmegauche;34472;1.16
2017;1;NPA;Extrêmegauche;629;1.88
2017;1;NPA;Extrêmegauche;2308;2.05
2017;1;NPA;Extrêmegauche;3230;2.95
2017;1;NPA;Extrêmegauche;1405;5.24
2017;1;SP;Extrêmedroite;65671;0.18
2017;1;SP;Extrêmedroite;6087;0.2
2017;1;SP;Extrêmedroite;6264;0.18
2017;1;SP;Extrêmedroite;7602;0.18
2017;1;SP;Extrêmedroite;2842;0.18
2017;1;SP;Extrêmedroite;3400;0.17
2017;1;SP;Extrêmedroite;2882;0.2
2017;1;SP;Extrêmedroite;9796;0.17
2017;1;SP;Extrêmedroite;5522;0.17
2017;1;SP;Extrêmedroite;5688;0.18
2017;1;SP;Extrêmedroite;3544;0.19
2017;1;SP;Extrêmedroite;3729;0.17
2017;1;SP;Extrêmedroite;4569;0.17
2017;1;SP;Extrêmedroite;352;0.23
2017;1;SP;Extrêmedroite;327;0.29
2017;1;SP;Extrêmedroite;374;0.34
2017;1;SP;Extrêmedroite;98;0.37
2017;1;SP;Extrêmedroite;944;0.27
2017;1;SP;Extrêmedroite;166;0.5
2017;1;RES;Centre;435367;1.21
2017;1;RES;Centre;658;0.58
2017;1;RES;Centre;871;0.8
2017;1;RES;Centre;273;1.02
2017;1;RES;Centre;1939;0.55
2017;1;RES;Centre;190;0.57
2017;1;RES;Centre;22411;0.69
2017;1;RES;Centre;13900;0.73
2017;1;RES;Centre;36357;0.65
2017;1;RES;Centre;30508;1.03
2017;1;RES;Centre;15844;1.03
2017;1;RES;Centre;19097;0.95
2017;1;RES;Centre;13570;0.95
2017;1;RES;Centre;16988;0.78
2017;1;RES;Centre;53283;1.27
2017;1;RES;Centre;91914;2.71
2017;1;RES;Centre;29551;1.07
2017;1;RES;Centre;8767;5.68
2017;1;RES;Centre;75476;2.28
2017;1;LFI;Extrêmegauche;7058859;19.58
2017;1;LFI;Extrêmegauche;29958;27.36
2017;1;LFI;Extrêmegauche;6633;24.72
2017;1;LFI;Extrêmegauche;85987;24.53
2017;1;LFI;Extrêmegauche;385734;19.28
2017;1;LFI;Extrêmegauche;703479;20.75
2017;1;LFI;Extrêmegauche;27139;24.13
2017;1;LFI;Extrêmegauche;633322;19.59
2017;1;LFI;Extrêmegauche;1225220;21.75
2017;1;LFI;Extrêmegauche;733998;22.14
2017;1;LFI;Extrêmegauche;403454;18.41
2017;1;LFI;Extrêmegauche;515419;18.74
2017;1;LFI;Extrêmegauche;21206;13.74
2017;1;LFI;Extrêmegauche;805863;19.24
2017;1;LFI;Extrêmegauche;276956;17.93
2017;1;LFI;Extrêmegauche;484665;16.31
2017;1;LFI;Extrêmegauche;252307;17.67
2017;1;LFI;Extrêmegauche;362535;19.16
2017;1;LFI;Extrêmegauche;2808;8.39
2017;1;UPR;Droite;332592;0.92
2017;1;UPR;Droite;15529;0.71
2017;1;UPR;Droite;967;0.63
2017;1;UPR;Droite;1319;1.17
2017;1;UPR;Droite;1407;1.29
2017;1;UPR;Droite;30219;1.02
2017;1;UPR;Droite;26699;0.79
2017;1;UPR;Droite;41412;0.99
2017;1;UPR;Droite;14331;0.93
2017;1;UPR;Droite;28606;0.86
2017;1;UPR;Droite;26043;0.81
2017;1;UPR;Droite;14303;0.76
2017;1;UPR;Droite;411;1.23
2017;1;UPR;Droite;480;1.79
2017;1;UPR;Droite;6029;1.72
2017;1;UPR;Droite;64395;1.14
2017;1;UPR;Droite;25948;0.94
2017;1;UPR;Droite;12075;0.85
2017;1;UPR;Droite;13418;0.67
2017;1;LR;Droite;7211121;20
2017;1;LR;Droite;586320;19.73
2017;1;LR;Droite;602882;17.79
2017;1;LR;Droite;846154;20.2
2017;1;LR;Droite;304388;19.7
2017;1;LR;Droite;380815;19.04
2017;1;LR;Droite;300324;21.04
2017;1;LR;Droite;16337;14.52
2017;1;LR;Droite;18444;16.85
2017;1;LR;Droite;565997;17.07
2017;1;LR;Droite;521389;16.13
2017;1;LR;Droite;3934;14.66
2017;1;LR;Droite;60508;17.26
2017;1;LR;Droite;1249725;22.19
2017;1;LR;Droite;516428;23.56
2017;1;LR;Droite;615451;22.37
2017;1;LR;Droite;39398;25.52
2017;1;LR;Droite;10912;32.6
2017;1;LR;Droite;370188;19.57
2017;2;EM;Centre;20743128;66.1
2017;2;EM;Centre;1500652;57.94
2017;2;EM;Centre;2011068;68.65
2017;2;EM;Centre;2452191;67.13
2017;2;EM;Centre;815709;60.48
2017;2;EM;Centre;1301226;75.36
2017;2;EM;Centre;777973;63.32
2017;2;EM;Centre;3825279;78.73
2017;2;EM;Centre;1759816;62.99
2017;2;EM;Centre;1497401;52.94
2017;2;EM;Centre;1012062;61.96
2017;2;EM;Centre;1350276;72.42
2017;2;EM;Centre;1306636;55.47
2017;2;EM;Centre;66819;51.48
2017;2;EM;Centre;100635;75.13
2017;2;EM;Centre;104307;77.55
2017;2;EM;Centre;21769;64.89
2017;2;EM;Centre;212081;60.25
2017;2;EM;Centre;19140;57.11
2017;2;FN;Extrêmedroite;10638475;33.9
2017;2;FN;Extrêmedroite;1089356;42.06
2017;2;FN;Extrêmedroite;918237;31.35
2017;2;FN;Extrêmedroite;1200726;32.87
2017;2;FN;Extrêmedroite;532935;39.52
2017;2;FN;Extrêmedroite;425462;24.64
2017;2;FN;Extrêmedroite;450750;36.68
2017;2;FN;Extrêmedroite;1033686;21.27
2017;2;FN;Extrêmedroite;1033853;37.01
2017;2;FN;Extrêmedroite;1331169;47.06
2017;2;FN;Extrêmedroite;621472;38.04
2017;2;FN;Extrêmedroite;514273;27.58
2017;2;FN;Extrêmedroite;1049116;44.53
2017;2;FN;Extrêmedroite;62982;48.52
2017;2;FN;Extrêmedroite;33310;24.87
2017;2;FN;Extrêmedroite;30195;22.45
2017;2;FN;Extrêmedroite;11777;35.11
2017;2;FN;Extrêmedroite;139917;39.75
2017;2;FN;Extrêmedroite;14374;42.89
2022;1;LO;Extrêmegauche;197094;0.56
2022;1;LO;Extrêmegauche;18655;0.67
2022;1;LO;Extrêmegauche;18494;0.54
2022;1;LO;Extrêmegauche;23136;0.55
2022;1;LO;Extrêmegauche;10643;0.71
2022;1;LO;Extrêmegauche;12965;0.66
2022;1;LO;Extrêmegauche;9256;0.69
2022;1;LO;Extrêmegauche;21894;0.4
2022;1;LO;Extrêmegauche;14875;0.45
2022;1;LO;Extrêmegauche;20943;0.69
2022;1;LO;Extrêmegauche;12839;0.72
2022;1;LO;Extrêmegauche;13853;0.65
2022;1;LO;Extrêmegauche;9457;0.36
2022;1;LO;Extrêmegauche;454;0.31
2022;1;LO;Extrêmegauche;1084;0.8
2022;1;LO;Extrêmegauche;1447;1.18
2022;1;LO;Extrêmegauche;297;0.83
2022;1;LO;Extrêmegauche;3538;1.02
2022;1;LO;Extrêmegauche;430;1.23
2022;1;NPA;Extrêmegauche;268904;0.77
2022;1;NPA;Extrêmegauche;22241;0.8
2022;1;NPA;Extrêmegauche;32597;0.95
2022;1;NPA;Extrêmegauche;30586;0.72
2022;1;NPA;Extrêmegauche;12738;0.85
2022;1;NPA;Extrêmegauche;19913;1.01
2022;1;NPA;Extrêmegauche;11226;0.83
2022;1;NPA;Extrêmegauche;33050;0.6
2022;1;NPA;Extrêmegauche;23891;0.72
2022;1;NPA;Extrêmegauche;21125;0.69
2022;1;NPA;Extrêmegauche;16005;0.9
2022;1;NPA;Extrêmegauche;18441;0.87
2022;1;NPA;Extrêmegauche;16219;0.61
2022;1;NPA;Extrêmegauche;1370;0.93
2022;1;NPA;Extrêmegauche;713;0.53
2022;1;NPA;Extrêmegauche;977;0.79
2022;1;NPA;Extrêmegauche;462;1.29
2022;1;NPA;Extrêmegauche;2705;0.78
2022;1;NPA;Extrêmegauche;328;0.94
2022;1;PS;Gauche;616478;1.75
2022;1;PS;Gauche;40030;1.43
2022;1;PS;Gauche;77306;2.26
2022;1;PS;Gauche;77566;1.83
2022;1;PS;Gauche;26543;1.77
2022;1;PS;Gauche;43596;2.21
2022;1;PS;Gauche;23162;1.72
2022;1;PS;Gauche;78522;1.43
2022;1;PS;Gauche;77124;2.33
2022;1;PS;Gauche;40814;1.34
2022;1;PS;Gauche;30235;1.7
2022;1;PS;Gauche;43291;2.03
2022;1;PS;Gauche;29501;1.11
2022;1;PS;Gauche;1583;1.07
2022;1;PS;Gauche;2266;1.68
2022;1;PS;Gauche;3935;3.2
2022;1;PS;Gauche;535;1.49
2022;1;PS;Gauche;5549;1.6
2022;1;PS;Gauche;318;0.91
2022;1;DLF;Droite;725176;2.06
2022;1;DLF;Droite;74916;2.68
2022;1;DLF;Droite;67645;1.98
2022;1;DLF;Droite;98446;2.33
2022;1;DLF;Droite;38691;2.58
2022;1;DLF;Droite;35116;1.78
2022;1;DLF;Droite;31759;2.36
2022;1;DLF;Droite;87331;1.59
2022;1;DLF;Droite;63243;1.91
2022;1;DLF;Droite;55386;1.82
2022;1;DLF;Droite;38560;2.16
2022;1;DLF;Droite;44215;2.08
2022;1;DLF;Droite;60186;2.27
2022;1;DLF;Droite;2589;1.76
2022;1;DLF;Droite;2114;1.56
2022;1;DLF;Droite;2989;2.43
2022;1;DLF;Droite;717;2
2022;1;DLF;Droite;8338;2.4
2022;1;DLF;Droite;530;1.51
2022;1;PCF;Extrêmegauche;802422;2.28
2022;1;PCF;Extrêmegauche;47422;1.7
2022;1;PCF;Extrêmegauche;96771;2.83
2022;1;PCF;Extrêmegauche;96403;2.28
2022;1;PCF;Extrêmegauche;33932;2.27
2022;1;PCF;Extrêmegauche;51193;2.59
2022;1;PCF;Extrêmegauche;33590;2.5
2022;1;PCF;Extrêmegauche;105137;1.92
2022;1;PCF;Extrêmegauche;83452;2.52
2022;1;PCF;Extrêmegauche;94776;3.12
2022;1;PCF;Extrêmegauche;46358;2.6
2022;1;PCF;Extrêmegauche;45058;2.12
2022;1;PCF;Extrêmegauche;54718;2.06
2022;1;PCF;Extrêmegauche;4537;3.08
2022;1;PCF;Extrêmegauche;668;0.49
2022;1;PCF;Extrêmegauche;747;0.61
2022;1;PCF;Extrêmegauche;246;0.69
2022;1;PCF;Extrêmegauche;3074;0.89
2022;1;PCF;Extrêmegauche;206;0.59
2022;1;RES;Centre;1101387;3.13
2022;1;RES;Centre;77439;2.77
2022;1;RES;Centre;201726;5.9
2022;1;RES;Centre;136414;3.22
2022;1;RES;Centre;49557;3.31
2022;1;RES;Centre;58653;2.97
2022;1;RES;Centre;38659;2.87
2022;1;RES;Centre;87343;1.59
2022;1;RES;Centre;184956;5.59
2022;1;RES;Centre;62487;2.05
2022;1;RES;Centre;45488;2.55
2022;1;RES;Centre;54592;2.57
2022;1;RES;Centre;72830;2.75
2022;1;RES;Centre;15330;10.4
2022;1;RES;Centre;1033;0.76
2022;1;RES;Centre;1162;0.95
2022;1;RES;Centre;516;1.44
2022;1;RES;Centre;4844;1.4
2022;1;RES;Centre;359;1.02
2022;1;EELV;Gauche;1627853;4.63
2022;1;EELV;Gauche;111953;4.01
2022;1;EELV;Gauche;151714;4.44
2022;1;EELV;Gauche;224710;5.31
2022;1;EELV;Gauche;60235;4.02
2022;1;EELV;Gauche;122198;6.19
2022;1;EELV;Gauche;54401;4.04
2022;1;EELV;Gauche;296087;5.4
2022;1;EELV;Gauche;139122;4.2
2022;1;EELV;Gauche;95164;3.13
2022;1;EELV;Gauche;73269;4.11
2022;1;EELV;Gauche;127935;6.01
2022;1;EELV;Gauche;107625;4.06
2022;1;EELV;Gauche;4786;3.25
2022;1;EELV;Gauche;1927;1.43
2022;1;EELV;Gauche;1978;1.61
2022;1;EELV;Gauche;940;2.62
2022;1;EELV;Gauche;7994;2.31
2022;1;EELV;Gauche;295;0.84
2022;1;LR;Droite;1679001;4.78
2022;1;LR;Droite;120917;4.33
2022;1;LR;Droite;157205;4.6
2022;1;LR;Droite;217881;5.15
2022;1;LR;Droite;76655;5.12
2022;1;LR;Droite;92808;4.7
2022;1;LR;Droite;71690;5.33
2022;1;LR;Droite;339371;6.19
2022;1;LR;Droite;129101;3.9
2022;1;LR;Droite;107527;3.53
2022;1;LR;Droite;79800;4.47
2022;1;LR;Droite;106786;5.02
2022;1;LR;Droite;116094;4.38
2022;1;LR;Droite;9327;6.33
2022;1;LR;Droite;3979;2.95
2022;1;LR;Droite;4731;3.85
2022;1;LR;Droite;997;2.78
2022;1;LR;Droite;9738;2.81
2022;1;LR;Droite;2810;8.02
2022;1;REC;Extrêmedroite;2485226;7.07
2022;1;REC;Extrêmedroite;200256;7.17
2022;1;REC;Extrêmedroite;210476;6.15
2022;1;REC;Extrêmedroite;312881;7.39
2022;1;REC;Extrêmedroite;107057;7.15
2022;1;REC;Extrêmedroite;96984;4.91
2022;1;REC;Extrêmedroite;88575;6.58
2022;1;REC;Extrêmedroite;409396;7.47
2022;1;REC;Extrêmedroite;260127;7.86
2022;1;REC;Extrêmedroite;179416;5.9
2022;1;REC;Extrêmedroite;99446;5.58
2022;1;REC;Extrêmedroite;114388;5.38
2022;1;REC;Extrêmedroite;310717;11.71
2022;1;REC;Extrêmedroite;18856;12.79
2022;1;REC;Extrêmedroite;3098;2.29
2022;1;REC;Extrêmedroite;3153;2.56
2022;1;REC;Extrêmedroite;1573;4.39
2022;1;REC;Extrêmedroite;13070;3.77
2022;1;REC;Extrêmedroite;482;1.38
2022;1;LFI;Extrêmegauche;7712520;21.95
2022;1;LFI;Extrêmegauche;492408;17.63
2022;1;LFI;Extrêmegauche;681218;19.92
2022;1;LFI;Extrêmegauche;897349;21.2
2022;1;LFI;Extrêmegauche;277901;18.56
2022;1;LFI;Extrêmegauche;407527;20.65
2022;1;LFI;Extrêmegauche;251259;18.68
2022;1;LFI;Extrêmegauche;1658601;30.24
2022;1;LFI;Extrêmegauche;741948;22.41
2022;1;LFI;Extrêmegauche;577487;18.98
2022;1;LFI;Extrêmegauche;335590;18.82
2022;1;LFI;Extrêmegauche;408969;19.22
2022;1;LFI;Extrêmegauche;524211;19.76
2022;1;LFI;Extrêmegauche;19698;13.37
2022;1;LFI;Extrêmegauche;75862;56.16
2022;1;LFI;Extrêmegauche;65292;53.1
2022;1;LFI;Extrêmegauche;18143;50.59
2022;1;LFI;Extrêmegauche;139604;40.26
2022;1;LFI;Extrêmegauche;8398;23.96
2022;1;RN;Extrêmedroite;8133828;23.15
2022;1;RN;Extrêmedroite;825196;29.54
2022;1;RN;Extrêmedroite;779699;22.8
2022;1;RN;Extrêmedroite;943122;22.28
2022;1;RN;Extrêmedroite;409643;27.35
2022;1;RN;Extrêmedroite;385393;19.53
2022;1;RN;Extrêmedroite;347845;25.86
2022;1;RN;Extrêmedroite;711462;12.97
2022;1;RN;Extrêmedroite;815338;24.63
2022;1;RN;Extrêmedroite;1014182;33.34
2022;1;RN;Extrêmedroite;484106;27.14
2022;1;RN;Extrêmedroite;442025;20.78
2022;1;RN;Extrêmedroite;732078;27.6
2022;1;RN;Extrêmedroite;42137;28.59
2022;1;RN;Extrêmedroite;24204;17.92
2022;1;RN;Extrêmedroite;16495;13.42
2022;1;RN;Extrêmedroite;6334;17.66
2022;1;RN;Extrêmedroite;85770;24.73
2022;1;RN;Extrêmedroite;14958;42.68
2022;1;LREM;Centre;9783058;27.85
2022;1;LREM;Centre;762241;27.28
2022;1;LREM;Centre;945122;27.64
2022;1;LREM;Centre;1174972;27.75
2022;1;LREM;Centre;394119;26.31
2022;1;LREM;Centre;647172;32.79
2022;1;LREM;Centre;383851;28.53
2022;1;LREM;Centre;1655780;30.19
2022;1;LREM;Centre;777444;23.48
2022;1;LREM;Centre;772619;25.4
2022;1;LREM;Centre;521769;29.26
2022;1;LREM;Centre;707890;33.27
2022;1;LREM;Centre;619272;23.34
2022;1;LREM;Centre;26705;18.12
2022;1;LREM;Centre;18137;13.43
2022;1;LREM;Centre;20043;16.3
2022;1;LREM;Centre;5101;14.22
2022;1;LREM;Centre;62542;18.04
2022;1;LREM;Centre;5936;16.94
2022;2;LREM;Centre;18768639;58.55
2022;2;LREM;Centre;1371637;52.07
2022;2;LREM;Centre;1766960;58.33
2022;2;LREM;Centre;2251392;59.76
2022;2;LREM;Centre;713977;52.88
2022;2;LREM;Centre;1202202;66.58
2022;2;LREM;Centre;705704;56.44
2022;2;LREM;Centre;3494501;73.02
2022;2;LREM;Centre;1572080;53.96
2022;2;LREM;Centre;1383212;47.86
2022;2;LREM;Centre;936566;55.84
2022;2;LREM;Centre;1281658;64.92
2022;2;LREM;Centre;1214186;49.52
2022;2;LREM;Centre;56095;41.92
2022;2;LREM;Centre;40229;30.4
2022;2;LREM;Centre;46918;39.13
2022;2;LREM;Centre;13834;39.22
2022;2;LREM;Centre;147297;40.44
2022;2;LREM;Centre;15708;40.9
2022;2;RN;Extrêmedroite;13288686;41.45
2022;2;RN;Extrêmedroite;1262558;47.93
2022;2;RN;Extrêmedroite;1262321;41.67
2022;2;RN;Extrêmedroite;1515717;40.24
2022;2;RN;Extrêmedroite;636161;47.12
2022;2;RN;Extrêmedroite;603409;33.42
2022;2;RN;Extrêmedroite;544558;43.56
2022;2;RN;Extrêmedroite;1291334;26.98
2022;2;RN;Extrêmedroite;1341138;46.04
2022;2;RN;Extrêmedroite;1506910;52.14
2022;2;RN;Extrêmedroite;740590;44.16
2022;2;RN;Extrêmedroite;692631;35.08
2022;2;RN;Extrêmedroite;1237817;50.48
2022;2;RN;Extrêmedroite;77721;58.08
2022;2;RN;Extrêmedroite;92106;69.6
2022;2;RN;Extrêmedroite;73000;60.87
2022;2;RN;Extrêmedroite;21437;60.78
2022;2;RN;Extrêmedroite;216967;59.56
2022;2;RN;Extrêmedroite;22694;59.1
